{
    "enabled": "true",
    "neededInstalledMods": [],
    "neededUninstalledMods": [],
    "spawns": [
        {
            "id": "cosmog-1",
            "pokemon": "cosmog",
            "presets": [ "natural", "wild"],
            "type": "pokemon",
            "context": "grounded",
            "bucket": "ultra-rare",
            "level": "70",
            "weight": 0.05,
            "condition": {
                "biomes": [
                   "#cobblemon:is_end"
                ]
            }

        }
    ]
}