{
    "enabled": true,
    "neededInstalledMods": [],
    "neededUninstalledMods": [],
    "spawns": [
        {
            "id": "skiddo-1",
            "pokemon": "skiddo",
            "presets": [
                "natural"
            ],
            "type": "pokemon",
            "context": "grounded",
            "bucket": "common",
            "level": "5-20",
            "weight": 8.0,
            "condition": {
                "canSeeSky": true,
                "biomes": [
                    "#cobblemon:is_hills"
                ]
            }
        }
    ]
}