{
  "criteria": {
    "defeat_leader_tessy": {
      "conditions": {
        "count": 1,
        "entity": {
          "type": null
        },
        "trainer_ids": [
          "leader_tessy_05b1"
        ],
        "trainer_type": null
      },
      "trigger": "rctmod:defeat_count"
    }
  },
  "display": {
    "announce_to_chat": true,
    "background": null,
    "description": {
      "text": "Defeat Leader Tessy"
    },
    "frame": "goal",
    "hidden": false,
    "icon": {
      "id": "cobblemonpokemonbadges:rain_badge"
    },
    "show_toast": true,
    "title": {
      "text": "Swamp Badge"
    }
  },
  "parent": "rctmod:trainers/defeat_leader_big_mo",
  "requirements": [
    [
      "defeat_leader_tessy"
    ]
  ]
}