{
  "criteria": {
    "defeat_leader_misty": {
      "conditions": {
        "count": 1,
        "entity": {
          "type": null
        },
        "trainer_ids": [
          "leader_misty_019f"
        ],
        "trainer_type": null
      },
      "trigger": "rctmod:defeat_count"
    }
  },
  "display": {
    "announce_to_chat": true,
    "background": null,
    "description": {
      "text": "Defeat Leader Misty"
    },
    "frame": "goal",
    "hidden": false,
    "icon": {
      "id": "cobblemonpokemonbadges:cascade_badge"
    },
    "show_toast": true,
    "title": {
      "text": "Cascade Badge"
    }
  },
  "parent": "rctmod:trainers/defeat_rival_terry_1",
  "requirements": [
    [
      "defeat_leader_misty"
    ]
  ]
}