{
  "species": "cobblemon:gyarados",
  "order": 3,
  "variations": [
    {
      "aspects": ["magikarp-jump-apricot-stripes"],
      "texture": "cobblemon:textures/pokemon/0130_gyarados/magikarp_jump/gyarados_apricot_stripes.png"
    },
    {
      "aspects": ["magikarp-jump-apricot-tiger"],
      "texture": "cobblemon:textures/pokemon/0130_gyarados/magikarp_jump/gyarados_apricot_tiger.png"
    },
    {
      "aspects": ["magikarp-jump-apricot-zebra"],
      "texture": "cobblemon:textures/pokemon/0130_gyarados/magikarp_jump/gyarados_apricot_zebra.png"
    },
    {
      "aspects": ["magikarp-jump-black-forehead"],
      "texture": "cobblemon:textures/pokemon/0130_gyarados/magikarp_jump/gyarados_black_forehead.png"
    },
    {
      "aspects": ["magikarp-jump-black-mask"],
      "texture": "cobblemon:textures/pokemon/0130_gyarados/magikarp_jump/gyarados_black_mask.png"
    },
    {
      "aspects": ["magikarp-jump-blue-raindrops"],
      "texture": "cobblemon:textures/pokemon/0130_gyarados/magikarp_jump/gyarados_blue_raindrops.png"
    },
    {
      "aspects": ["magikarp-jump-blue-saucy"],
      "texture": "cobblemon:textures/pokemon/0130_gyarados/magikarp_jump/gyarados_blue_saucy.png"
    },
    {
      "aspects": ["magikarp-jump-brown-stripes"],
      "texture": "cobblemon:textures/pokemon/0130_gyarados/magikarp_jump/gyarados_brown_stripes.png"
    },
    {
      "aspects": ["magikarp-jump-brown-tiger"],
      "texture": "cobblemon:textures/pokemon/0130_gyarados/magikarp_jump/gyarados_brown_tiger.png"
    },
    {
      "aspects": ["magikarp-jump-brown-zebra"],
      "texture": "cobblemon:textures/pokemon/0130_gyarados/magikarp_jump/gyarados_brown_zebra.png"
    },
    {
      "aspects": ["magikarp-jump-calico-orange-gold"],
      "texture": "cobblemon:textures/pokemon/0130_gyarados/magikarp_jump/gyarados_calico_orange_gold.png"
    },
    {
      "aspects": ["magikarp-jump-calico-orange-white"],
      "texture": "cobblemon:textures/pokemon/0130_gyarados/magikarp_jump/gyarados_calico_orange_white.png"
    },
    {
      "aspects": ["magikarp-jump-calico-orange-white-black"],
      "texture": "cobblemon:textures/pokemon/0130_gyarados/magikarp_jump/gyarados_calico_orange_white_black.png"
    },
    {
      "aspects": ["magikarp-jump-calico-white-orange"],
      "texture": "cobblemon:textures/pokemon/0130_gyarados/magikarp_jump/gyarados_calico_white_orange.png"
    },
    {
      "aspects": ["magikarp-jump-gray-bubbles"],
      "texture": "cobblemon:textures/pokemon/0130_gyarados/magikarp_jump/gyarados_gray_bubbles.png"
    },
    {
      "aspects": ["magikarp-jump-gray-diamonds"],
      "texture": "cobblemon:textures/pokemon/0130_gyarados/magikarp_jump/gyarados_gray_diamonds.png"
    },
    {
      "aspects": ["magikarp-jump-gray-patches"],
      "texture": "cobblemon:textures/pokemon/0130_gyarados/magikarp_jump/gyarados_gray_patches.png"
    },
    {
      "aspects": ["magikarp-jump-orange-dapples"],
      "texture": "cobblemon:textures/pokemon/0130_gyarados/magikarp_jump/gyarados_orange_dapples.png"
    },
    {
      "aspects": ["magikarp-jump-orange-forehead"],
      "texture": "cobblemon:textures/pokemon/0130_gyarados/magikarp_jump/gyarados_orange_forehead.png"
    },
    {
      "aspects": ["magikarp-jump-orange-mask"],
      "texture": "cobblemon:textures/pokemon/0130_gyarados/magikarp_jump/gyarados_orange_mask.png"
    },
    {
      "aspects": ["magikarp-jump-orange-orca"],
      "texture": "cobblemon:textures/pokemon/0130_gyarados/magikarp_jump/gyarados_orange_orca.png"
    },
    {
      "aspects": ["magikarp-jump-orange-two-tone"],
      "texture": "cobblemon:textures/pokemon/0130_gyarados/magikarp_jump/gyarados_orange_two_tone.png"
    },
    {
      "aspects": ["magikarp-jump-pink-dapples"],
      "texture": "cobblemon:textures/pokemon/0130_gyarados/magikarp_jump/gyarados_pink_dapples.png"
    },
    {
      "aspects": ["magikarp-jump-pink-orca"],
      "texture": "cobblemon:textures/pokemon/0130_gyarados/magikarp_jump/gyarados_pink_orca.png"
    },
    {
      "aspects": ["magikarp-jump-pink-two-tone"],
      "texture": "cobblemon:textures/pokemon/0130_gyarados/magikarp_jump/gyarados_pink_two_tone.png"
    },
    {
      "aspects": ["magikarp-jump-purple-bubbles"],
      "texture": "cobblemon:textures/pokemon/0130_gyarados/magikarp_jump/gyarados_purple_bubbles.png"
    },
    {
      "aspects": ["magikarp-jump-purple-diamonds"],
      "texture": "cobblemon:textures/pokemon/0130_gyarados/magikarp_jump/gyarados_purple_diamonds.png"
    },
    {
      "aspects": ["magikarp-jump-purple-patches"],
      "texture": "cobblemon:textures/pokemon/0130_gyarados/magikarp_jump/gyarados_purple_patches.png"
    },
    {
      "aspects": ["magikarp-jump-skelly"],
      "texture": "cobblemon:textures/pokemon/0130_gyarados/magikarp_jump/gyarados_skelly.png"
    },
    {
      "aspects": ["magikarp-jump-violet-raindrops"],
      "texture": "cobblemon:textures/pokemon/0130_gyarados/magikarp_jump/gyarados_violet_raindrops.png"
    },
    {
      "aspects": ["magikarp-jump-violet-saucy"],
      "texture": "cobblemon:textures/pokemon/0130_gyarados/magikarp_jump/gyarados_violet_saucy.png"
    },
    {
      "aspects": ["shiny"],
      "texture": "cobblemon:textures/pokemon/0130_gyarados/gyarados_shiny.png"
    }
  ]
}
