{
  "type": "minecraft:jigsaw",
  "biomes": "#rct_structures:blackthorn_gym",
  "step": "surface_structures",
  "terrain_adaptation": "beard_thin",
  "start_pool": "rct_structures:blackthorn_gym",
  "size": 1,
	"start_height": {
    "type": "minecraft:uniform",
    "min_inclusive": {
      "absolute": 56
    },
    "max_inclusive": {
      "absolute": 59
    }
  },
  "spawn_overrides": {
    "ambient": {
      "bounding_box": "full",
      "spawns": []
    },
    "axolotls": {
      "bounding_box": "full",
      "spawns": []
    },
    "creature": {
      "bounding_box": "full",
      "spawns": []
    },
    "misc": {
      "bounding_box": "full",
      "spawns": []
    },
    "monster": {
      "bounding_box": "full",
      "spawns": []
    },
    "underground_water_creature": {
      "bounding_box": "full",
      "spawns": []
    },
    "water_ambient": {
      "bounding_box": "full",
      "spawns": []
    },
    "water_creature": {
      "bounding_box": "full",
      "spawns": []
    }
  },
  "max_distance_from_center": 80,
  "use_expansion_hack": false
}
