{
	"credit": "Made with Blockbench",
	"texture_size": [32, 32],
	"textures": {
		"0": "block/custom/shiny/ampharos1_shiny",
		"particle": "ampharos1"
	},
	"elements": [
		{
			"from": [6.94909, 8.78996, 4.1],
			"to": [9.14909, 10.48996, 6.3],
			"rotation": {"angle": -22.5, "axis": "x", "origin": [8.04909, 9.98996, 5.2]},
			"faces": {
				"north": {"uv": [2, 7, 3, 7.75], "texture": "#0"},
				"east": {"uv": [3, 7, 4, 7.75], "texture": "#0"},
				"south": {"uv": [4, 7, 5, 7.75], "texture": "#0"},
				"west": {"uv": [5, 7, 6, 7.75], "texture": "#0"},
				"up": {"uv": [5.5, 7, 4.5, 6], "texture": "#0"},
				"down": {"uv": [7, 5, 6, 6], "texture": "#0"}
			}
		},
		{
			"from": [11.5, 8.65, 7.3],
			"to": [15, 11.65, 10.7],
			"rotation": {"angle": -45, "axis": "z", "origin": [13.25, 10.15, 8.8]},
			"faces": {
				"north": {"uv": [0, 0, 1.5, 1.5], "texture": "#0"},
				"east": {"uv": [0, 1.5, 1.5, 3], "texture": "#0"},
				"south": {"uv": [1.5, 0, 3, 1.5], "texture": "#0"},
				"west": {"uv": [1.5, 1.5, 3, 3], "texture": "#0"},
				"up": {"uv": [1.5, 4.5, 0, 3], "texture": "#0"},
				"down": {"uv": [4.5, 0, 3, 1.5], "texture": "#0"}
			}
		},
		{
			"from": [1.5, 6.9, 7.55],
			"to": [4, 8.65, 10.45],
			"rotation": {"angle": 45, "axis": "z", "origin": [2.75, 10.15, 8.8]},
			"faces": {
				"north": {"uv": [0, 6, 1.25, 7], "texture": "#0"},
				"east": {"uv": [6, 0, 7.25, 1], "texture": "#0"},
				"south": {"uv": [6, 1, 7.25, 2], "texture": "#0"},
				"west": {"uv": [1.5, 6, 2.75, 7], "texture": "#0"},
				"up": {"uv": [5.75, 2.75, 4.5, 1.5], "texture": "#0"},
				"down": {"uv": [4.25, 4.5, 3, 5.75], "texture": "#0"}
			}
		},
		{
			"from": [1.55, 11.65, 7.8],
			"to": [3.95, 12.8, 10.2],
			"rotation": {"angle": 45, "axis": "z", "origin": [2.75, 10.15, 8.8]},
			"faces": {
				"north": {"uv": [7, 5, 8, 5.75], "texture": "#0"},
				"east": {"uv": [6, 7, 7, 7.75], "texture": "#0"},
				"south": {"uv": [7, 7, 8, 7.75], "texture": "#0"},
				"west": {"uv": [7.5, 0, 8.5, 0.75], "texture": "#0"},
				"up": {"uv": [6.5, 7, 5.5, 6], "texture": "#0"},
				"down": {"uv": [7.5, 6, 6.5, 7], "texture": "#0"}
			}
		},
		{
			"from": [1, 8.65, 7.3],
			"to": [4.5, 11.65, 10.7],
			"rotation": {"angle": 45, "axis": "z", "origin": [2.75, 10.15, 8.8]},
			"faces": {
				"north": {"uv": [1.5, 3, 3, 4.5], "texture": "#0"},
				"east": {"uv": [3, 1.5, 4.5, 3], "texture": "#0"},
				"south": {"uv": [3, 3, 4.5, 4.5], "texture": "#0"},
				"west": {"uv": [0, 4.5, 1.5, 6], "texture": "#0"},
				"up": {"uv": [6, 1.5, 4.5, 0], "texture": "#0"},
				"down": {"uv": [3, 4.5, 1.5, 6], "texture": "#0"}
			}
		},
		{
			"from": [12.05, 11.65, 7.8],
			"to": [14.45, 12.8, 10.2],
			"rotation": {"angle": -45, "axis": "z", "origin": [13.25, 10.15, 8.8]},
			"faces": {
				"north": {"uv": [7.5, 1, 8.5, 1.75], "texture": "#0"},
				"east": {"uv": [7.5, 2, 8.5, 2.75], "texture": "#0"},
				"south": {"uv": [7.5, 3, 8.5, 3.75], "texture": "#0"},
				"west": {"uv": [7.5, 4, 8.5, 4.75], "texture": "#0"},
				"up": {"uv": [1, 8, 0, 7], "texture": "#0"},
				"down": {"uv": [2, 7, 1, 8], "texture": "#0"}
			}
		},
		{
			"from": [12, 6.9, 7.55],
			"to": [14.5, 8.65, 10.45],
			"rotation": {"angle": -45, "axis": "z", "origin": [13.25, 10.15, 8.8]},
			"faces": {
				"north": {"uv": [6, 2, 7.25, 3], "texture": "#0"},
				"east": {"uv": [3, 6, 4.25, 7], "texture": "#0"},
				"south": {"uv": [6, 3, 7.25, 4], "texture": "#0"},
				"west": {"uv": [6, 4, 7.25, 5], "texture": "#0"},
				"up": {"uv": [5.75, 4.25, 4.5, 3], "texture": "#0"},
				"down": {"uv": [5.75, 4.5, 4.5, 5.75], "texture": "#0"}
			}
		}
	],
	"display": {
		"thirdperson_righthand": {
			"rotation": [33.25, 0, 0],
			"translation": [0, 0, 1.25],
			"scale": [0.52734, 0.52734, 0.52734]
		},
		"thirdperson_lefthand": {
			"rotation": [33.25, 0, 0],
			"translation": [0, 0.25, 1.25],
			"scale": [0.50648, 0.50648, 0.50648]
		},
		"firstperson_righthand": {
			"rotation": [0, 0, 15],
			"translation": [0.5, 0.75, -1.5]
		},
		"firstperson_lefthand": {
			"rotation": [0, 0, 8.75],
			"translation": [1, 1, -0.5]
		},
		"ground": {
			"rotation": [18.47, 2.47, 15.17]
		},
		"gui": {
			"rotation": [177.38, -1.65, 169.63],
			"translation": [1, -1, 0],
			"scale": [1.13867, 1.13867, 1.13867]
		},
		"head": {
			"translation": [0, 4.75, -2],
			"scale": [1.3, 1.3, 1.3]
		},
		"fixed": {
			"translation": [0, 0, -2.25],
			"scale": [1.27344, 1.27344, 1.27344]
		}
	},
	"groups": [
		{
			"name": "group",
			"origin": [8, 8, 8],
			"color": 0,
			"children": [0, 1, 2, 3, 4, 5, 6]
		}
	]
}