{
	"credit": "Made with Blockbench",
	"texture_size": [64, 64],
	"textures": {
		"0": "block/custom/blaziken",
		"particle": "blaziken"
	},
	"elements": [
		{
			"from": [2.5, 0, 4],
			"to": [13.5, 5, 16],
			"rotation": {"angle": 0, "axis": "y", "origin": [7, 0, 8]},
			"faces": {
				"north": {"uv": [5.5, 0, 8.25, 1.25], "texture": "#0"},
				"east": {"uv": [0, 4.75, 3, 6], "texture": "#0"},
				"south": {"uv": [5.5, 1.25, 8.25, 2.5], "texture": "#0"},
				"west": {"uv": [3, 4.75, 6, 6], "texture": "#0"},
				"up": {"uv": [2.75, 3, 0, 0], "texture": "#0"},
				"down": {"uv": [5.5, 0, 2.75, 3], "texture": "#0"}
			}
		},
		{
			"from": [0.75, -3.5, 16],
			"to": [5.25, 5, 18.25],
			"rotation": {"angle": -22.5, "axis": "z", "origin": [2.5, -1, 17]},
			"faces": {
				"north": {"uv": [5.5, 2.5, 6.5, 4.5], "texture": "#0"},
				"east": {"uv": [3, 6, 3.625, 8], "texture": "#0"},
				"south": {"uv": [0, 6, 1, 8], "texture": "#0"},
				"west": {"uv": [3.75, 6, 4.375, 8], "texture": "#0"},
				"up": {"uv": [8.75, 7.625, 7.75, 7], "texture": "#0"},
				"down": {"uv": [8.75, 7.75, 7.75, 8.375], "texture": "#0"}
			}
		},
		{
			"from": [-1.73744, -9.00522, 16.7],
			"to": [2.16256, -3.00522, 18.25],
			"rotation": {"angle": -22.5, "axis": "z", "origin": [0.01256, -7.00522, 17.25]},
			"faces": {
				"north": {"uv": [6.5, 2.5, 7.375, 3.875], "texture": "#0"},
				"east": {"uv": [2, 8, 2.375, 9.375], "texture": "#0"},
				"south": {"uv": [5.25, 6.5, 6.125, 7.875], "texture": "#0"},
				"west": {"uv": [2.5, 8, 2.875, 9.375], "texture": "#0"},
				"up": {"uv": [9.125, 0.625, 8.25, 0.25], "texture": "#0"},
				"down": {"uv": [9.125, 0.75, 8.25, 1.125], "texture": "#0"}
			}
		},
		{
			"from": [13.83744, -9.00522, 16.7],
			"to": [17.73744, -3.00522, 18.25],
			"rotation": {"angle": 22.5, "axis": "z", "origin": [15.98744, -7.00522, 17.25]},
			"faces": {
				"north": {"uv": [6.25, 6.5, 7.125, 7.875], "texture": "#0"},
				"east": {"uv": [3, 8, 3.375, 9.375], "texture": "#0"},
				"south": {"uv": [6.75, 4, 7.625, 5.375], "texture": "#0"},
				"west": {"uv": [3.5, 8, 3.875, 9.375], "texture": "#0"},
				"up": {"uv": [9.125, 1.625, 8.25, 1.25], "texture": "#0"},
				"down": {"uv": [9.125, 1.75, 8.25, 2.125], "texture": "#0"}
			}
		},
		{
			"from": [10.75, -3.5, 16],
			"to": [15.25, 5, 18.25],
			"rotation": {"angle": 22.5, "axis": "z", "origin": [13.5, -1, 17]},
			"faces": {
				"north": {"uv": [1, 6, 2, 8], "texture": "#0"},
				"east": {"uv": [4.5, 6, 5.125, 8], "texture": "#0"},
				"south": {"uv": [2, 6, 3, 8], "texture": "#0"},
				"west": {"uv": [6, 4.5, 6.625, 6.5], "texture": "#0"},
				"up": {"uv": [1, 8.625, 0, 8], "texture": "#0"},
				"down": {"uv": [2, 8, 1, 8.625], "texture": "#0"}
			}
		},
		{
			"from": [10.25, 0.5, 3],
			"to": [11.5, 8.5, 4],
			"rotation": {"angle": -22.5, "axis": "z", "origin": [10.75, 4.5, 3.5]},
			"faces": {
				"north": {"uv": [7.25, 5.5, 7.625, 7.5], "texture": "#0"},
				"east": {"uv": [4, 8, 4.25, 10], "texture": "#0"},
				"south": {"uv": [7.25, 7.5, 7.625, 9.5], "texture": "#0"},
				"west": {"uv": [4.25, 8, 4.5, 10], "texture": "#0"},
				"up": {"uv": [5.875, 4.75, 5.5, 4.5], "texture": "#0"},
				"down": {"uv": [5.625, 6, 5.25, 6.25], "texture": "#0"}
			}
		},
		{
			"from": [4.5, 0.5, 3],
			"to": [5.75, 8.5, 4],
			"rotation": {"angle": 22.5, "axis": "z", "origin": [5.25, 4.5, 3.5]},
			"faces": {
				"north": {"uv": [7.75, 2.5, 8.125, 4.5], "texture": "#0"},
				"east": {"uv": [4.5, 8, 4.75, 10], "texture": "#0"},
				"south": {"uv": [7.75, 4.5, 8.125, 6.5], "texture": "#0"},
				"west": {"uv": [4.75, 8, 5, 10], "texture": "#0"},
				"up": {"uv": [5.625, 6.5, 5.25, 6.25], "texture": "#0"},
				"down": {"uv": [7.125, 5.5, 6.75, 5.75], "texture": "#0"}
			}
		},
		{
			"from": [2.6, 0, -2.25],
			"to": [13.4, 1, 4],
			"rotation": {"angle": 0, "axis": "y", "origin": [7, 0, 1]},
			"faces": {
				"north": {"uv": [7.75, 6.5, 10.5, 6.75], "texture": "#0"},
				"east": {"uv": [5, 8, 6.625, 8.25], "texture": "#0"},
				"south": {"uv": [7.75, 6.75, 10.5, 7], "texture": "#0"},
				"west": {"uv": [8.25, 0, 9.875, 0.25], "texture": "#0"},
				"up": {"uv": [2.75, 4.625, 0, 3], "texture": "#0"},
				"down": {"uv": [5.5, 3, 2.75, 4.625], "texture": "#0"}
			}
		}
	],
	"display": {
		"thirdperson_righthand": {
			"rotation": [79.29, -15.2, 16.13],
			"translation": [0.25, 0.75, 1.5],
			"scale": [0.6, 0.6, 0.6]
		},
		"thirdperson_lefthand": {
			"rotation": [77.99, -16.13, 11.33],
			"translation": [0.25, 0.75, 1.25],
			"scale": [0.6, 0.6, 0.6]
		},
		"firstperson_righthand": {
			"rotation": [178.65, 52.31, 149.88],
			"translation": [0, 4.75, -5.25]
		},
		"firstperson_lefthand": {
			"rotation": [-179.35, 52.31, 149.88],
			"translation": [0, 4.75, -5.25]
		},
		"ground": {
			"rotation": [0.94, -0.08, -9.73],
			"translation": [0, 2.5, 0],
			"scale": [0.6, 0.6, 0.6]
		},
		"gui": {
			"rotation": [-172.55, -11.2, 173.33],
			"translation": [1, 8, 0],
			"scale": [0.9, 0.9, 0.9]
		},
		"head": {
			"rotation": [2.75, 0, 0],
			"translation": [0, 13, -2],
			"scale": [1.35547, 1.36133, 1.24609]
		},
		"fixed": {
			"rotation": [-89.75, 0, 0],
			"translation": [0, 0, -12],
			"scale": [1.5, 1.5, 1.5]
		}
	},
	"groups": [
		{
			"name": "group",
			"origin": [8, 8, 8],
			"color": 0,
			"children": [0, 1, 2, 3, 4, 5, 6, 7]
		}
	]
}