{
	"credit": "Made with Blockbench",
	"texture_size": [64, 64],
	"textures": {
		"0": "block/custom/breloomshroom",
		"particle": "breloomshroom"
	},
	"elements": [
		{
			"from": [1, 10.8, 1],
			"to": [15, 12.75, 15],
			"rotation": {"angle": 0, "axis": "y", "origin": [8, 12, 8]},
			"faces": {
				"north": {"uv": [3.5, 6, 7, 6.5], "texture": "#0"},
				"east": {"uv": [6.5, 0, 10, 0.5], "texture": "#0"},
				"south": {"uv": [6.5, 0.5, 10, 1], "texture": "#0"},
				"west": {"uv": [6.5, 1, 10, 1.5], "texture": "#0"},
				"up": {"uv": [3.5, 3.5, 0, 0], "texture": "#0"},
				"down": {"uv": [3.5, 3.5, 0, 7], "texture": "#0"}
			}
		},
		{
			"from": [2, 10.8, 15],
			"to": [14, 12.75, 16],
			"rotation": {"angle": 0, "axis": "y", "origin": [8, 12, 23]},
			"faces": {
				"north": {"uv": [6.5, 1.5, 9.5, 2], "texture": "#0"},
				"east": {"uv": [2.5, 7.5, 2.75, 8], "texture": "#0"},
				"south": {"uv": [6.5, 2, 9.5, 2.5], "texture": "#0"},
				"west": {"uv": [2.75, 7.5, 3, 8], "texture": "#0"},
				"up": {"uv": [6, 7.25, 3, 7], "texture": "#0"},
				"down": {"uv": [9, 7, 6, 7.25], "texture": "#0"}
			}
		},
		{
			"from": [2, 10.8, 0],
			"to": [14, 12.75, 1],
			"rotation": {"angle": 0, "axis": "y", "origin": [8, 12, 8]},
			"faces": {
				"north": {"uv": [6.5, 2.5, 9.5, 3], "texture": "#0"},
				"east": {"uv": [7.5, 7.25, 7.75, 7.75], "texture": "#0"},
				"south": {"uv": [6.5, 3, 9.5, 3.5], "texture": "#0"},
				"west": {"uv": [4, 7.75, 4.25, 8.25], "texture": "#0"},
				"up": {"uv": [10, 6.25, 7, 6], "texture": "#0"},
				"down": {"uv": [10, 6.25, 7, 6.5], "texture": "#0"}
			}
		},
		{
			"from": [0, 10.8, 2],
			"to": [1, 12.75, 14],
			"rotation": {"angle": 0, "axis": "y", "origin": [0.5, 11.875, 8]},
			"faces": {
				"north": {"uv": [4.25, 7.75, 4.5, 8.25], "texture": "#0"},
				"east": {"uv": [3.5, 6.5, 6.5, 7], "texture": "#0"},
				"south": {"uv": [4.5, 7.75, 4.75, 8.25], "texture": "#0"},
				"west": {"uv": [6.5, 3.5, 9.5, 4], "texture": "#0"},
				"up": {"uv": [3.25, 10.25, 3, 7.25], "texture": "#0"},
				"down": {"uv": [3.5, 7.25, 3.25, 10.25], "texture": "#0"}
			}
		},
		{
			"from": [15, 10.8, 2],
			"to": [16, 12.75, 14],
			"rotation": {"angle": 0, "axis": "y", "origin": [15.5, 11.875, 8]},
			"faces": {
				"north": {"uv": [4.75, 7.75, 5, 8.25], "texture": "#0"},
				"east": {"uv": [6.5, 4, 9.5, 4.5], "texture": "#0"},
				"south": {"uv": [5, 7.75, 5.25, 8.25], "texture": "#0"},
				"west": {"uv": [6.5, 4.5, 9.5, 5], "texture": "#0"},
				"up": {"uv": [3.75, 10.25, 3.5, 7.25], "texture": "#0"},
				"down": {"uv": [4, 7.25, 3.75, 10.25], "texture": "#0"}
			}
		},
		{
			"from": [2, 12.75, 2],
			"to": [14, 14.9, 14],
			"rotation": {"angle": 0, "axis": "y", "origin": [8, 13.75, 8]},
			"faces": {
				"north": {"uv": [6.5, 5, 9.5, 5.5], "texture": "#0"},
				"east": {"uv": [6.5, 5.5, 9.5, 6], "texture": "#0"},
				"south": {"uv": [6.5, 6.5, 9.5, 7], "texture": "#0"},
				"west": {"uv": [0, 7, 3, 7.5], "texture": "#0"},
				"up": {"uv": [6.5, 3, 3.5, 0], "texture": "#0"},
				"down": {"uv": [6.5, 3, 3.5, 6], "texture": "#0"}
			}
		},
		{
			"from": [0.25, 12.25, 4.75],
			"to": [2.25, 14.5, 7],
			"rotation": {"angle": 22.5, "axis": "x", "origin": [1.25, 13.375, 5.875]},
			"faces": {
				"north": {"uv": [7, 7.25, 7.5, 7.75], "texture": "#0"},
				"east": {"uv": [0, 7.5, 0.5, 8], "texture": "#0"},
				"south": {"uv": [0.5, 7.5, 1, 8], "texture": "#0"},
				"west": {"uv": [1, 7.5, 1.5, 8], "texture": "#0"},
				"up": {"uv": [2, 8, 1.5, 7.5], "texture": "#0"},
				"down": {"uv": [2.5, 7.5, 2, 8], "texture": "#0"}
			}
		},
		{
			"from": [13.75, 12.25, 4.75],
			"to": [15.75, 14.5, 7],
			"rotation": {"angle": 22.5, "axis": "x", "origin": [14.75, 13.375, 5.875]},
			"faces": {
				"north": {"uv": [4, 7.25, 4.5, 7.75], "texture": "#0"},
				"east": {"uv": [4.5, 7.25, 5, 7.75], "texture": "#0"},
				"south": {"uv": [5, 7.25, 5.5, 7.75], "texture": "#0"},
				"west": {"uv": [5.5, 7.25, 6, 7.75], "texture": "#0"},
				"up": {"uv": [6.5, 7.75, 6, 7.25], "texture": "#0"},
				"down": {"uv": [7, 7.25, 6.5, 7.75], "texture": "#0"}
			}
		}
	],
	"display": {
		"thirdperson_righthand": {
			"scale": [0.6, 0.6, 0.6]
		},
		"thirdperson_lefthand": {
			"scale": [0.6, 0.6, 0.6]
		},
		"firstperson_righthand": {
			"rotation": [-20.13, 18.31, 18.75],
			"translation": [1, 0, 0],
			"scale": [0.59766, 0.59766, 0.59766]
		},
		"firstperson_lefthand": {
			"rotation": [-12.75, 9.05, 16.03],
			"translation": [0.5, 0, 0],
			"scale": [0.50977, 0.50977, 0.50977]
		},
		"ground": {
			"rotation": [-0.23, 0, 5.75],
			"translation": [0, -5, 0],
			"scale": [0.84766, 0.84766, 0.84766]
		},
		"gui": {
			"rotation": [45.48, 27.81, -17.03],
			"translation": [-0.75, -3, 0],
			"scale": [0.85547, 0.85547, 0.85547]
		},
		"head": {
			"rotation": [5.5, 0, 0],
			"translation": [0, -0.75, -1],
			"scale": [1.43, 1.4, 1.44]
		},
		"fixed": {
			"rotation": [-90.5, 0, 0],
			"translation": [0, 0, 4]
		}
	},
	"groups": [
		{
			"name": "group",
			"origin": [8, 8, 8],
			"color": 0,
			"children": [0, 1, 2, 3, 4, 5, 6, 7]
		}
	]
}