{
	"credit": "Made with Blockbench",
	"texture_size": [32, 32],
	"textures": {
	        "0": "block/custom/morelull1",
                "2": "block/custom/morelull1",
		"particle": "morelull1"
	},
	"elements": [
		{
			"from": [6.75, 25.25, 6.45],
			"to": [9.25, 26.9, 8.95],
			"rotation": {"angle": 0, "axis": "y", "origin": [7, 23.75, 6.7]},
			"faces": {
				"north": {"uv": [7, 1.5, 8.25, 2.25], "texture": "#2"},
				"east": {"uv": [7, 2.5, 8.25, 3.25], "texture": "#2"},
				"south": {"uv": [7, 3.5, 8.25, 4.25], "texture": "#2"},
				"west": {"uv": [7, 4.5, 8.25, 5.25], "texture": "#2"},
				"up": {"uv": [6.25, 2.75, 5, 1.5], "texture": "#2"},
				"down": {"uv": [6.25, 3, 5, 4.25], "texture": "#2"}
			}
		},
		{
			"from": [7.5, 17.25, 7.2],
			"to": [8.5, 22.5, 8.2],
			"rotation": {"angle": 0, "axis": "y", "origin": [7, 15, 6.7]},
			"faces": {
				"north": {"uv": [4.5, 1.5, 5, 4.75], "texture": "#2"},
				"east": {"uv": [3, 4.5, 3.5, 7.75], "texture": "#2"},
				"south": {"uv": [3.5, 4.5, 4, 7.75], "texture": "#2"},
				"west": {"uv": [4, 4.5, 4.5, 7.75], "texture": "#2"},
				"up": {"uv": [4.5, 8.5, 4, 8], "texture": "#2"},
				"down": {"uv": [0.5, 8.5, 0, 9], "texture": "#2"}
			}
		},
		{
			"from": [6.3, 22.25, 6],
			"to": [9.7, 25.25, 9.4],
			"rotation": {"angle": 0, "axis": "y", "origin": [7, 21, 6.7]},
			"faces": {
				"north": {"uv": [0, 0, 1.5, 1.5], "texture": "#2"},
				"east": {"uv": [0, 1.5, 1.5, 3], "texture": "#2"},
				"south": {"uv": [1.5, 0, 3, 1.5], "texture": "#2"},
				"west": {"uv": [1.5, 1.5, 3, 3], "texture": "#2"},
				"up": {"uv": [1.5, 4.5, 0, 3], "texture": "#2"},
				"down": {"uv": [4.5, 0, 3, 1.5], "texture": "#2"}
			}
		},
		{
			"from": [10.75, 16.6, 7.9],
			"to": [11.75, 20.6, 8.9],
			"rotation": {"angle": -22.5, "axis": "z", "origin": [11.25, 18.725, 8.4]},
			"faces": {
				"north": {"uv": [6, 4.5, 6.5, 7], "texture": "#2"},
				"east": {"uv": [6.5, 1.5, 7, 4], "texture": "#2"},
				"south": {"uv": [6.5, 4, 7, 6.5], "texture": "#2"},
				"west": {"uv": [4.5, 6.5, 5, 9], "texture": "#2"},
				"up": {"uv": [1, 9, 0.5, 8.5], "texture": "#2"},
				"down": {"uv": [1.5, 8.5, 1, 9], "texture": "#2"}
			}
		},
		{
			"from": [11, 19.35, 6.9],
			"to": [14, 21.85, 9.9],
			"rotation": {"angle": -22.5, "axis": "z", "origin": [12.5, 21.975, 8.4]},
			"faces": {
				"north": {"uv": [3, 3, 4.5, 4.25], "texture": "#2"},
				"east": {"uv": [0, 4.5, 1.5, 5.75], "texture": "#2"},
				"south": {"uv": [4.5, 0, 6, 1.25], "texture": "#2"},
				"west": {"uv": [1.5, 4.5, 3, 5.75], "texture": "#2"},
				"up": {"uv": [3, 4.5, 1.5, 3], "texture": "#2"},
				"down": {"uv": [4.5, 1.5, 3, 3], "texture": "#2"}
			}
		},
		{
			"from": [11.35, 21.85, 7.25],
			"to": [13.65, 23, 9.55],
			"rotation": {"angle": -22.5, "axis": "z", "origin": [12.5, 21.975, 8.4]},
			"faces": {
				"north": {"uv": [7.5, 1, 8.75, 1.5], "texture": "#2"},
				"east": {"uv": [7.5, 6.5, 8.75, 7], "texture": "#2"},
				"south": {"uv": [7, 7.5, 8.25, 8], "texture": "#2"},
				"west": {"uv": [7.5, 7, 8.75, 7.5], "texture": "#2"},
				"up": {"uv": [5.75, 6.25, 4.5, 5], "texture": "#2"},
				"down": {"uv": [1.25, 6, 0, 7.25], "texture": "#2"}
			}
		},
		{
			"from": [3.5716, 16.49403, 6.4],
			"to": [4.5716, 18.49403, 7.4],
			"rotation": {"angle": 22.5, "axis": "z", "origin": [4.02716, 20.23452, 6.9]},
			"faces": {
				"north": {"uv": [6, 7, 6.5, 8.5], "texture": "#2"},
				"east": {"uv": [5, 7.5, 5.5, 9], "texture": "#2"},
				"south": {"uv": [5.5, 7.5, 6, 9], "texture": "#2"},
				"west": {"uv": [6.5, 7.5, 7, 9], "texture": "#2"},
				"up": {"uv": [2, 9, 1.5, 8.5], "texture": "#2"},
				"down": {"uv": [9, 1.5, 8.5, 2], "texture": "#2"}
			}
		},
		{
			"from": [3.23273, 18.475, 5.65],
			"to": [5.73273, 20.225, 8.15],
			"rotation": {"angle": 22.5, "axis": "z", "origin": [4.52716, 19.23452, 6.9]},
			"faces": {
				"north": {"uv": [7, 5.5, 8.25, 6.25], "texture": "#2"},
				"east": {"uv": [0, 7.5, 1.25, 8.25], "texture": "#2"},
				"south": {"uv": [7.5, 0, 8.75, 0.75], "texture": "#2"},
				"west": {"uv": [1.5, 7.5, 2.75, 8.25], "texture": "#2"},
				"up": {"uv": [7.25, 1.25, 6, 0], "texture": "#2"},
				"down": {"uv": [2.75, 6, 1.5, 7.25], "texture": "#2"}
			}
		},
		{
			"from": [3.83273, 20.225, 6],
			"to": [5.63273, 21.125, 7.8],
			"rotation": {"angle": 22.5, "axis": "z", "origin": [4.77716, 18.48452, 6.9]},
			"faces": {
				"north": {"uv": [5, 4.5, 6, 5], "texture": "#2"},
				"east": {"uv": [3, 8, 4, 8.5], "texture": "#2"},
				"south": {"uv": [7, 8, 8, 8.5], "texture": "#2"},
				"west": {"uv": [8, 8, 9, 8.5], "texture": "#2"},
				"up": {"uv": [6, 7.5, 5, 6.5], "texture": "#2"},
				"down": {"uv": [7.5, 6.5, 6.5, 7.5], "texture": "#2"}
			}
		}
	],
	"display": {
		"thirdperson_righthand": {
			"rotation": [1.97, 22.51, -9.88],
			"translation": [-0.5, -5.75, 0.75],
			"scale": [0.57227, 0.57227, 0.57227]
		},
		"thirdperson_lefthand": {
			"rotation": [1.87, -21.9, 9.56],
			"translation": [0, -4.75, 1.25],
			"scale": [0.56641, 0.56641, 0.56641]
		},
		"firstperson_righthand": {
			"rotation": [-5.75, 0, 25],
			"translation": [4.5, -4.5, 0],
			"scale": [0.63281, 0.63281, 0.63281]
		},
		"firstperson_lefthand": {
			"rotation": [-5.21, -1.33, 3.1],
			"translation": [4, -5.5, 0],
			"scale": [0.63672, 0.63672, 0.63672]
		},
		"ground": {
			"rotation": [68.4, -10.45, -5.18],
			"translation": [0, 0, -2.25],
			"scale": [0.59375, 0.59375, 0.59375]
		},
		"gui": {
			"rotation": [0, 0, 7.5],
			"translation": [2, -18, 0],
			"scale": [1.36719, 1.36719, 1.36719]
		},
		"head": {
			"translation": [0.25, -4.75, 0],
			"scale": [1.3, 1.2, 1.3]
		},
		"fixed": {
			"rotation": [-86.16, 13.25, -0.87],
			"translation": [0, -1, 14.75],
			"scale": [1.47656, 1.47656, 1.47656]
		}
	},
	"groups": [
		{
			"name": "shroom",
			"origin": [8, 8, 8],
			"color": 0,
			"children": [
				{
					"name": "1",
					"origin": [7, 21, 7],
					"color": 0,
					"children": [0, 1, 2]
				},
				{
					"name": "2",
					"origin": [8, 8, 8],
					"color": 0,
					"children": [3, 4, 5]
				},
				{
					"name": "3",
					"origin": [8, 8, 8],
					"color": 0,
					"children": [6, 7, 8]
				}
			]
		}
	]
}