{
	"credit": "Made with Blockbench",
	"texture_size": [64, 64],
	"textures": {
		"0": "block/custom/shiny/psycap_shiny",
		"particle": "block/custom/psycap"
	},
	"elements": [
		{
			"from": [2.5, 0, 4],
			"to": [13.5, 5, 16],
			"rotation": {"angle": 0, "axis": "y", "origin": [7, 0, 8]},
			"faces": {
				"north": {"uv": [5.5, 0, 8.25, 1.25], "texture": "#0"},
				"east": {"uv": [0, 4.75, 3, 6], "texture": "#0"},
				"south": {"uv": [5.5, 1.25, 8.25, 2.5], "texture": "#0"},
				"west": {"uv": [3, 4.75, 6, 6], "texture": "#0"},
				"up": {"uv": [2.75, 3, 0, 0], "texture": "#0"},
				"down": {"uv": [5.5, 0, 2.75, 3], "texture": "#0"}
			}
		},
		{
			"from": [7.5, 5, 10],
			"to": [8.5, 7, 11],
			"rotation": {"angle": 0, "axis": "y", "origin": [9, 4, 14]},
			"faces": {
				"north": {"uv": [5.5, 3.5, 5.75, 4], "texture": "#0"},
				"east": {"uv": [5.5, 4, 5.75, 4.5], "texture": "#0"},
				"south": {"uv": [5.75, 3.5, 6, 4], "texture": "#0"},
				"west": {"uv": [5.75, 4, 6, 4.5], "texture": "#0"},
				"up": {"uv": [5.75, 4.75, 5.5, 4.5], "texture": "#0"},
				"down": {"uv": [6, 4.5, 5.75, 4.75], "texture": "#0"}
			}
		},
		{
			"from": [8.95, 4.35, 10.5],
			"to": [9.95, 6.35, 11.5],
			"rotation": {"angle": -45, "axis": "z", "origin": [9.45, 5.35, 11]},
			"faces": {
				"north": {"uv": [0, 6, 0.25, 6.5], "texture": "#0"},
				"east": {"uv": [0.25, 6, 0.5, 6.5], "texture": "#0"},
				"south": {"uv": [0.5, 6, 0.75, 6.5], "texture": "#0"},
				"west": {"uv": [0.75, 6, 1, 6.5], "texture": "#0"},
				"up": {"uv": [4, 6.25, 3.75, 6], "texture": "#0"},
				"down": {"uv": [4.25, 6, 4, 6.25], "texture": "#0"}
			}
		},
		{
			"from": [9.9314, 5.81877, 10.5],
			"to": [10.9314, 7.16877, 11.5],
			"rotation": {"angle": -22.5, "axis": "z", "origin": [10.4314, 6.81877, 11]},
			"faces": {
				"north": {"uv": [2, 6, 2.25, 6.375], "texture": "#0"},
				"east": {"uv": [2.25, 6, 2.5, 6.375], "texture": "#0"},
				"south": {"uv": [2.5, 6, 2.75, 6.375], "texture": "#0"},
				"west": {"uv": [2.75, 6, 3, 6.375], "texture": "#0"},
				"up": {"uv": [6.25, 4.25, 6, 4], "texture": "#0"},
				"down": {"uv": [4.5, 6, 4.25, 6.25], "texture": "#0"}
			}
		},
		{
			"from": [6, 4.65, 10.75],
			"to": [7, 6.65, 11.75],
			"rotation": {"angle": 22.5, "axis": "z", "origin": [6.5, 5.65, 11.25]},
			"faces": {
				"north": {"uv": [1, 6, 1.25, 6.5], "texture": "#0"},
				"east": {"uv": [1.25, 6, 1.5, 6.5], "texture": "#0"},
				"south": {"uv": [1.5, 6, 1.75, 6.5], "texture": "#0"},
				"west": {"uv": [1.75, 6, 2, 6.5], "texture": "#0"},
				"up": {"uv": [6.25, 4.5, 6, 4.25], "texture": "#0"},
				"down": {"uv": [4.75, 6, 4.5, 6.25], "texture": "#0"}
			}
		},
		{
			"from": [5.37215, 6.26522, 10.75],
			"to": [6.37215, 7.36522, 11.75],
			"rotation": {"angle": 45, "axis": "z", "origin": [5.87215, 6.76522, 11.25]},
			"faces": {
				"north": {"uv": [6, 4.5, 6.25, 4.75], "texture": "#0"},
				"east": {"uv": [4.75, 6, 5, 6.25], "texture": "#0"},
				"south": {"uv": [6, 4.75, 6.25, 5], "texture": "#0"},
				"west": {"uv": [5, 6, 5.25, 6.25], "texture": "#0"},
				"up": {"uv": [6.25, 5.25, 6, 5], "texture": "#0"},
				"down": {"uv": [5.5, 6, 5.25, 6.25], "texture": "#0"}
			}
		},
		{
			"from": [7.34672, 6.7706, 10],
			"to": [8.34672, 8.1706, 11],
			"rotation": {"angle": 22.5, "axis": "z", "origin": [7.84672, 7.2706, 10.5]},
			"faces": {
				"north": {"uv": [3, 6, 3.25, 6.375], "texture": "#0"},
				"east": {"uv": [3.25, 6, 3.5, 6.375], "texture": "#0"},
				"south": {"uv": [3.5, 6, 3.75, 6.375], "texture": "#0"},
				"west": {"uv": [6, 3.5, 6.25, 3.875], "texture": "#0"},
				"up": {"uv": [6.25, 5.5, 6, 5.25], "texture": "#0"},
				"down": {"uv": [5.75, 6, 5.5, 6.25], "texture": "#0"}
			}
		},
		{
			"from": [2.6, 0, -2.25],
			"to": [13.4, 1, 4],
			"rotation": {"angle": 0, "axis": "y", "origin": [7, 0, 1]},
			"faces": {
				"north": {"uv": [5.5, 2.5, 8.25, 2.75], "texture": "#0"},
				"east": {"uv": [5.5, 3, 7.25, 3.25], "texture": "#0"},
				"south": {"uv": [5.5, 2.75, 8.25, 3], "texture": "#0"},
				"west": {"uv": [5.5, 3.25, 7.25, 3.5], "texture": "#0"},
				"up": {"uv": [2.75, 4.75, 0, 3], "texture": "#0"},
				"down": {"uv": [5.5, 3, 2.75, 4.75], "texture": "#0"}
			}
		}
	],
	"display": {
		"thirdperson_righthand": {
			"rotation": [79.29, -15.2, 16.13],
			"translation": [-1.5, 0.75, 1.25],
			"scale": [0.6, 0.6, 0.6]
		},
		"thirdperson_lefthand": {
			"rotation": [77.99, -16.13, 11.33],
			"translation": [-1.5, 0.75, 1.25],
			"scale": [0.6, 0.6, 0.6]
		},
		"firstperson_righthand": {
			"rotation": [163.15, 52.31, 149.88],
			"translation": [0, 4.75, -5.25]
		},
		"firstperson_lefthand": {
			"rotation": [163.15, 52.31, 149.88],
			"translation": [0, 4.75, -5.25]
		},
		"ground": {
			"rotation": [0.94, -0.08, -9.73],
			"translation": [0, 1.25, 0],
			"scale": [0.6, 0.6, 0.6]
		},
		"gui": {
			"rotation": [-172.23, -19.84, 174.53],
			"translation": [0, 2.5, 0],
			"scale": [0.9, 0.9, 0.9]
		},
		"head": {
			"rotation": [2.75, 0, 0],
			"translation": [0, 13, -2],
			"scale": [1.35547, 1.36133, 1.24609]
		},
		"fixed": {
			"rotation": [-89.75, 0, 0],
			"translation": [0, 0, -12],
			"scale": [1.5, 1.5, 1.5]
		}
	},
	"groups": [
		{
			"name": "group",
			"origin": [8, 8, 8],
			"color": 0,
			"children": [0, 1, 2, 3, 4, 5, 6, 7]
		}
	]
}