{
	"credit": "Made with Blockbench",
	"texture_size": [32, 32],
	"textures": {
		"0": "block/custom/shiny/scorbunny_shiny",
		"particle": "scorbunny"
	},
	"elements": [
		{
			"from": [14, 17.15, 7],
			"to": [15, 27.4, 8.75],
			"rotation": {"angle": -22.5, "axis": "z", "origin": [13.5, 21.275, 7.875]},
			"faces": {
				"north": {"uv": [10, 0, 10.5, 4.75], "texture": "#0"},
				"east": {"uv": [1, 6, 2, 10.75], "texture": "#0"},
				"south": {"uv": [4, 10, 4.5, 14.75], "texture": "#0"},
				"west": {"uv": [2, 6, 3, 10.75], "texture": "#0"},
				"up": {"uv": [0.5, 12, 0, 11], "texture": "#0"},
				"down": {"uv": [1, 11, 0.5, 12], "texture": "#0"}
			}
		},
		{
			"from": [15, 18.65, 7],
			"to": [16, 25.4, 8.75],
			"rotation": {"angle": -22.5, "axis": "z", "origin": [13.5, 21.275, 7.875]},
			"faces": {
				"north": {"uv": [7, 10, 7.5, 13], "texture": "#0"},
				"east": {"uv": [7, 7, 8, 10], "texture": "#0"},
				"south": {"uv": [7.5, 10, 8, 13], "texture": "#0"},
				"west": {"uv": [8, 0, 9, 3], "texture": "#0"},
				"up": {"uv": [1.5, 12, 1, 11], "texture": "#0"},
				"down": {"uv": [2, 11, 1.5, 12], "texture": "#0"}
			}
		},
		{
			"from": [13, 16.15, 7],
			"to": [14, 28.4, 8.75],
			"rotation": {"angle": -22.5, "axis": "z", "origin": [13.5, 21.275, 7.875]},
			"faces": {
				"north": {"uv": [9, 0, 9.5, 5.75], "texture": "#0"},
				"east": {"uv": [2, 0, 3, 5.75], "texture": "#0"},
				"south": {"uv": [9, 6, 9.5, 11.75], "texture": "#0"},
				"west": {"uv": [3, 0, 4, 5.75], "texture": "#0"},
				"up": {"uv": [2.5, 12, 2, 11], "texture": "#0"},
				"down": {"uv": [3, 11, 2.5, 12], "texture": "#0"}
			}
		},
		{
			"from": [12, 15.5, 7],
			"to": [13, 26.4, 8.75],
			"rotation": {"angle": -22.5, "axis": "z", "origin": [13.5, 21.275, 7.875]},
			"faces": {
				"north": {"uv": [8, 9, 8.5, 14], "texture": "#0"},
				"east": {"uv": [4, 0, 5, 5], "texture": "#0"},
				"south": {"uv": [8.5, 9, 9, 14], "texture": "#0"},
				"west": {"uv": [5, 0, 6, 5], "texture": "#0"},
				"up": {"uv": [11.5, 10, 11, 9], "texture": "#0"},
				"down": {"uv": [11.5, 10, 11, 11], "texture": "#0"}
			}
		},
		{
			"from": [11, 15.15, 7],
			"to": [12, 23.25, 8.75],
			"rotation": {"angle": -22.5, "axis": "z", "origin": [13.5, 21.275, 7.875]},
			"faces": {
				"north": {"uv": [4.5, 10, 5, 13.5], "texture": "#0"},
				"east": {"uv": [3, 6, 4, 9.5], "texture": "#0"},
				"south": {"uv": [5, 10, 5.5, 13.5], "texture": "#0"},
				"west": {"uv": [6, 5, 7, 8.5], "texture": "#0"},
				"up": {"uv": [11.5, 12, 11, 11], "texture": "#0"},
				"down": {"uv": [12, 0, 11.5, 1], "texture": "#0"}
			}
		},
		{
			"from": [2, 18, 7],
			"to": [3, 28, 8.75],
			"rotation": {"angle": 0, "axis": "y", "origin": [2.25, 21.25, 7.875]},
			"faces": {
				"north": {"uv": [9.5, 0, 10, 5], "texture": "#0"},
				"east": {"uv": [4, 5, 5, 10], "texture": "#0"},
				"south": {"uv": [3, 9.5, 3.5, 14.5], "texture": "#0"},
				"west": {"uv": [5, 5, 6, 10], "texture": "#0"},
				"up": {"uv": [12, 2, 11.5, 1], "texture": "#0"},
				"down": {"uv": [12, 2, 11.5, 3], "texture": "#0"}
			}
		},
		{
			"from": [1, 20, 7],
			"to": [2, 26, 8.75],
			"rotation": {"angle": 0, "axis": "y", "origin": [2.25, 21.25, 7.875]},
			"faces": {
				"north": {"uv": [10, 8.5, 10.5, 11.5], "texture": "#0"},
				"east": {"uv": [8, 3, 9, 6], "texture": "#0"},
				"south": {"uv": [9.5, 10, 10, 13], "texture": "#0"},
				"west": {"uv": [8, 6, 9, 9], "texture": "#0"},
				"up": {"uv": [12, 4, 11.5, 3], "texture": "#0"},
				"down": {"uv": [12, 4, 11.5, 5], "texture": "#0"}
			}
		},
		{
			"from": [1, 19, 7],
			"to": [2, 20, 8.75],
			"rotation": {"angle": 0, "axis": "y", "origin": [2.25, 21.25, 7.875]},
			"faces": {
				"north": {"uv": [12, 2.5, 12.5, 3], "texture": "#0"},
				"east": {"uv": [11.5, 5, 12.5, 5.5], "texture": "#0"},
				"south": {"uv": [12, 3, 12.5, 3.5], "texture": "#0"},
				"west": {"uv": [11.5, 5.5, 12.5, 6], "texture": "#0"},
				"up": {"uv": [12, 7, 11.5, 6], "texture": "#0"},
				"down": {"uv": [12, 7, 11.5, 8], "texture": "#0"}
			}
		},
		{
			"from": [0, 19, 7],
			"to": [1, 21.5, 8.75],
			"rotation": {"angle": 0, "axis": "y", "origin": [2.25, 21.25, 7.875]},
			"faces": {
				"north": {"uv": [10.5, 9, 11, 10.25], "texture": "#0"},
				"east": {"uv": [10.5, 0, 11.5, 1.25], "texture": "#0"},
				"south": {"uv": [10.5, 10.5, 11, 11.75], "texture": "#0"},
				"west": {"uv": [10.5, 1.5, 11.5, 2.75], "texture": "#0"},
				"up": {"uv": [12, 9, 11.5, 8], "texture": "#0"},
				"down": {"uv": [12, 9, 11.5, 10], "texture": "#0"}
			}
		},
		{
			"from": [-2, 21, 7],
			"to": [0, 22.5, 8.75],
			"rotation": {"angle": 0, "axis": "y", "origin": [2.25, 21.25, 7.875]},
			"faces": {
				"north": {"uv": [10.5, 5, 11.5, 5.75], "texture": "#0"},
				"east": {"uv": [10.5, 6, 11.5, 6.75], "texture": "#0"},
				"south": {"uv": [10.5, 7, 11.5, 7.75], "texture": "#0"},
				"west": {"uv": [10.5, 8, 11.5, 8.75], "texture": "#0"},
				"up": {"uv": [11.5, 4, 10.5, 3], "texture": "#0"},
				"down": {"uv": [11.5, 4, 10.5, 5], "texture": "#0"}
			}
		},
		{
			"from": [-1, 20, 7],
			"to": [0, 21, 8.75],
			"rotation": {"angle": 0, "axis": "y", "origin": [2.25, 21.25, 7.875]},
			"faces": {
				"north": {"uv": [12, 3.5, 12.5, 4], "texture": "#0"},
				"east": {"uv": [11.5, 10, 12.5, 10.5], "texture": "#0"},
				"south": {"uv": [12, 4, 12.5, 4.5], "texture": "#0"},
				"west": {"uv": [11.5, 10.5, 12.5, 11], "texture": "#0"},
				"up": {"uv": [10.5, 12.5, 10, 11.5], "texture": "#0"},
				"down": {"uv": [12, 11, 11.5, 12], "texture": "#0"}
			}
		},
		{
			"from": [3, 17.25, 7],
			"to": [4, 28.65, 8.75],
			"rotation": {"angle": 0, "axis": "y", "origin": [2.25, 21.25, 7.875]},
			"faces": {
				"north": {"uv": [6, 8.5, 6.5, 14.5], "texture": "#0"},
				"east": {"uv": [0, 0, 1, 6], "texture": "#0"},
				"south": {"uv": [6.5, 8.5, 7, 14.5], "texture": "#0"},
				"west": {"uv": [1, 0, 2, 6], "texture": "#0"},
				"up": {"uv": [0.5, 13, 0, 12], "texture": "#0"},
				"down": {"uv": [12.5, 0, 12, 1], "texture": "#0"}
			}
		},
		{
			"from": [4, 17, 7],
			"to": [5, 27, 8.75],
			"rotation": {"angle": 0, "axis": "y", "origin": [2.25, 21.25, 7.875]},
			"faces": {
				"north": {"uv": [3.5, 9.5, 4, 14.5], "texture": "#0"},
				"east": {"uv": [0, 6, 1, 11], "texture": "#0"},
				"south": {"uv": [9.5, 5, 10, 10], "texture": "#0"},
				"west": {"uv": [6, 0, 7, 5], "texture": "#0"},
				"up": {"uv": [1, 13, 0.5, 12], "texture": "#0"},
				"down": {"uv": [1.5, 12, 1, 13], "texture": "#0"}
			}
		},
		{
			"from": [5, 17, 7],
			"to": [6, 24, 8.75],
			"rotation": {"angle": 0, "axis": "y", "origin": [2.25, 21.25, 7.875]},
			"faces": {
				"north": {"uv": [10, 5, 10.5, 8.5], "texture": "#0"},
				"east": {"uv": [7, 0, 8, 3.5], "texture": "#0"},
				"south": {"uv": [5.5, 10, 6, 13.5], "texture": "#0"},
				"west": {"uv": [7, 3.5, 8, 7], "texture": "#0"},
				"up": {"uv": [12.5, 2, 12, 1], "texture": "#0"},
				"down": {"uv": [2, 12, 1.5, 13], "texture": "#0"}
			}
		},
		{
			"from": [7, 7.5, 5.5],
			"to": [9, 8.5, 5.75],
			"rotation": {"angle": 0, "axis": "y", "origin": [7, 7.5, 3.75]},
			"faces": {
				"north": {"uv": [2, 12, 3, 12.5], "texture": "#0"},
				"east": {"uv": [12, 6.5, 12.25, 7], "texture": "#0"},
				"south": {"uv": [12, 2, 13, 2.5], "texture": "#0"},
				"west": {"uv": [12, 7, 12.25, 7.5], "texture": "#0"},
				"up": {"uv": [13, 4.75, 12, 4.5], "texture": "#0"},
				"down": {"uv": [13, 6, 12, 6.25], "texture": "#0"}
			}
		}
	],
	"display": {
		"thirdperson_righthand": {
			"rotation": [1.4, 19.33, -8.33],
			"translation": [-1, -8.25, 0],
			"scale": [0.7, 0.7, 0.7]
		},
		"thirdperson_lefthand": {
			"rotation": [1.4, 19.33, -8.33],
			"translation": [-0.75, -8.25, 0],
			"scale": [0.7, 0.7, 0.7]
		},
		"firstperson_righthand": {
			"rotation": [0, 177, 0],
			"translation": [-0.25, -6.25, 0],
			"scale": [0.8, 0.8, 0.8]
		},
		"firstperson_lefthand": {
			"rotation": [-1, 177, -9],
			"translation": [0.5, -6.25, 0.25],
			"scale": [0.8, 0.8, 0.8]
		},
		"ground": {
			"rotation": [70, 0, 0],
			"translation": [0, -4.25, 0],
			"scale": [0.7, 0.7, 0.7]
		},
		"gui": {
			"rotation": [180, 0, 159.25],
			"translation": [0, -10.5, 0]
		},
		"head": {
			"translation": [0, -2.75, -4.25],
			"scale": [1.05, 1.05, 1.05]
		},
		"fixed": {
			"rotation": [0, 0, -12.25],
			"translation": [-2, -8.25, 0]
		}
	},
	"groups": [
		{
			"name": "group",
			"origin": [7, 7.5, 3.75],
			"color": 0,
			"children": [0, 1, 2, 3, 4, 5, 6, 7, 8, 9, 10, 11, 12, 13, 14]
		}
	]
}