{
	"credit": "Made with Blockbench",
	"texture_size": [32, 32],
	"textures": {
		"0": "block/custom/staryuclip",
		"particle": "block/custom/staryuclip"
	},
	"elements": [
		{
			"from": [5.5, 6.25, 6],
			"to": [10.5, 11.5, 9],
			"rotation": {"angle": 0, "axis": "y", "origin": [7, 8, 7]},
			"faces": {
				"north": {"uv": [0, 0, 2.5, 2.75], "texture": "#0"},
				"east": {"uv": [0, 3, 1.5, 5.75], "texture": "#0"},
				"south": {"uv": [2.5, 0, 5, 2.75], "texture": "#0"},
				"west": {"uv": [1.5, 3, 3, 5.75], "texture": "#0"},
				"up": {"uv": [5.5, 4.5, 3, 3], "texture": "#0"},
				"down": {"uv": [5.5, 4.5, 3, 6], "texture": "#0"}
			}
		},
		{
			"from": [6.75, 7.5, 5.25],
			"to": [9.25, 10.25, 6],
			"rotation": {"angle": 0, "axis": "y", "origin": [7, 8, 4]},
			"faces": {
				"north": {"uv": [0, 10.5, 1.25, 12], "texture": "#0"},
				"east": {"uv": [6.5, 12.5, 7, 14], "texture": "#0"},
				"south": {"uv": [10.5, 0, 11.75, 1.5], "texture": "#0"},
				"west": {"uv": [8, 12.5, 8.5, 14], "texture": "#0"},
				"up": {"uv": [12.75, 8.5, 11.5, 8], "texture": "#0"},
				"down": {"uv": [13.75, 4, 12.5, 4.5], "texture": "#0"}
			}
		},
		{
			"from": [9.25, 8.5, 5.5],
			"to": [10.5, 9.25, 6.25],
			"rotation": {"angle": 0, "axis": "y", "origin": [8.25, 8, 4.25]},
			"faces": {
				"north": {"uv": [13, 7, 13.75, 7.5], "texture": "#0"},
				"east": {"uv": [10, 13, 10.5, 13.5], "texture": "#0"},
				"south": {"uv": [13, 7.5, 13.75, 8], "texture": "#0"},
				"west": {"uv": [10.5, 13, 11, 13.5], "texture": "#0"},
				"up": {"uv": [13.75, 8.5, 13, 8], "texture": "#0"},
				"down": {"uv": [9.25, 13, 8.5, 13.5], "texture": "#0"}
			}
		},
		{
			"from": [5.5, 8.5, 5.5],
			"to": [6.75, 9.25, 6.25],
			"rotation": {"angle": 0, "axis": "y", "origin": [4.5, 8, 4.25]},
			"faces": {
				"north": {"uv": [13, 1, 13.75, 1.5], "texture": "#0"},
				"east": {"uv": [9, 1.5, 9.5, 2], "texture": "#0"},
				"south": {"uv": [13, 4.5, 13.75, 5], "texture": "#0"},
				"west": {"uv": [9.5, 13, 10, 13.5], "texture": "#0"},
				"up": {"uv": [13.75, 5.5, 13, 5], "texture": "#0"},
				"down": {"uv": [7.75, 13, 7, 13.5], "texture": "#0"}
			}
		},
		{
			"from": [5.25, 7, 5.5],
			"to": [7.25, 7.75, 6.25],
			"rotation": {"angle": 45, "axis": "z", "origin": [6.625, 7.375, 5.875]},
			"faces": {
				"north": {"uv": [8, 7.5, 9, 8], "texture": "#0"},
				"east": {"uv": [13, 10.5, 13.5, 11], "texture": "#0"},
				"south": {"uv": [9.5, 6.5, 10.5, 7], "texture": "#0"},
				"west": {"uv": [11, 13, 11.5, 13.5], "texture": "#0"},
				"up": {"uv": [10.5, 7.5, 9.5, 7], "texture": "#0"},
				"down": {"uv": [13.5, 6.5, 12.5, 7], "texture": "#0"}
			}
		},
		{
			"from": [8.75, 7, 5.5],
			"to": [10.75, 7.75, 6.25],
			"rotation": {"angle": -45, "axis": "z", "origin": [9.375, 7.375, 5.875]},
			"faces": {
				"north": {"uv": [8.5, 12.5, 9.5, 13], "texture": "#0"},
				"east": {"uv": [13, 11, 13.5, 11.5], "texture": "#0"},
				"south": {"uv": [12.5, 8.5, 13.5, 9], "texture": "#0"},
				"west": {"uv": [11.5, 13, 12, 13.5], "texture": "#0"},
				"up": {"uv": [13.5, 9.5, 12.5, 9], "texture": "#0"},
				"down": {"uv": [13.5, 9.5, 12.5, 10], "texture": "#0"}
			}
		},
		{
			"from": [8.75, 10, 5.5],
			"to": [10.75, 10.75, 6.25],
			"rotation": {"angle": 45, "axis": "z", "origin": [9.375, 10.375, 5.875]},
			"faces": {
				"north": {"uv": [12.5, 10, 13.5, 10.5], "texture": "#0"},
				"east": {"uv": [13, 11.5, 13.5, 12], "texture": "#0"},
				"south": {"uv": [11.5, 12.5, 12.5, 13], "texture": "#0"},
				"west": {"uv": [12, 13, 12.5, 13.5], "texture": "#0"},
				"up": {"uv": [13.5, 13, 12.5, 12.5], "texture": "#0"},
				"down": {"uv": [1, 13, 0, 13.5], "texture": "#0"}
			}
		},
		{
			"from": [6.25, 9.75, 5.5],
			"to": [7, 11.75, 6.25],
			"rotation": {"angle": 45, "axis": "z", "origin": [6.625, 10.375, 5.875]},
			"faces": {
				"north": {"uv": [5, 2, 5.5, 3], "texture": "#0"},
				"east": {"uv": [5.5, 10.5, 6, 11.5], "texture": "#0"},
				"south": {"uv": [13, 0, 13.5, 1], "texture": "#0"},
				"west": {"uv": [1, 13, 1.5, 14], "texture": "#0"},
				"up": {"uv": [13.5, 12.5, 13, 12], "texture": "#0"},
				"down": {"uv": [13, 13, 12.5, 13.5], "texture": "#0"}
			}
		},
		{
			"from": [5.75, 11.5, 7],
			"to": [10.25, 14.75, 9],
			"rotation": {"angle": 0, "axis": "y", "origin": [7, 12.5, 7]},
			"faces": {
				"north": {"uv": [5, 0, 7, 1.75], "texture": "#0"},
				"east": {"uv": [1.5, 10.5, 2.5, 12.25], "texture": "#0"},
				"south": {"uv": [5.5, 2, 7.5, 3.75], "texture": "#0"},
				"west": {"uv": [2.5, 10.5, 3.5, 12.25], "texture": "#0"},
				"up": {"uv": [2, 10.5, 0, 9.5], "texture": "#0"},
				"down": {"uv": [11.5, 1.5, 9.5, 2.5], "texture": "#0"}
			}
		},
		{
			"from": [2.75, 4.75, 7],
			"to": [7.25, 8, 9],
			"rotation": {"angle": -22.5, "axis": "z", "origin": [5, 4.875, 8]},
			"faces": {
				"north": {"uv": [5.5, 4, 7.5, 5.75], "texture": "#0"},
				"east": {"uv": [3.5, 10.5, 4.5, 12.25], "texture": "#0"},
				"south": {"uv": [0, 6, 2, 7.75], "texture": "#0"},
				"west": {"uv": [4.5, 10.5, 5.5, 12.25], "texture": "#0"},
				"up": {"uv": [4, 10.5, 2, 9.5], "texture": "#0"},
				"down": {"uv": [11.5, 2.5, 9.5, 3.5], "texture": "#0"}
			}
		},
		{
			"from": [9.5, 2, 7],
			"to": [12.5, 4.75, 9],
			"rotation": {"angle": 22.5, "axis": "z", "origin": [11, 4.875, 8]},
			"faces": {
				"north": {"uv": [0, 8, 1.5, 9.5], "texture": "#0"},
				"east": {"uv": [11.5, 1.5, 12.5, 3], "texture": "#0"},
				"south": {"uv": [1.5, 8, 3, 9.5], "texture": "#0"},
				"west": {"uv": [11.5, 3, 12.5, 4.5], "texture": "#0"},
				"up": {"uv": [13, 5.5, 11.5, 4.5], "texture": "#0"},
				"down": {"uv": [7, 11.5, 5.5, 12.5], "texture": "#0"}
			}
		},
		{
			"from": [8.75, 4.75, 7],
			"to": [13.25, 8, 9],
			"rotation": {"angle": 22.5, "axis": "z", "origin": [11, 4.875, 8]},
			"faces": {
				"north": {"uv": [2, 6, 4, 7.75], "texture": "#0"},
				"east": {"uv": [10.5, 4.5, 11.5, 6.25], "texture": "#0"},
				"south": {"uv": [4, 6, 6, 7.75], "texture": "#0"},
				"west": {"uv": [10.5, 6.5, 11.5, 8.25], "texture": "#0"},
				"up": {"uv": [11.5, 4.5, 9.5, 3.5], "texture": "#0"},
				"down": {"uv": [6, 9.5, 4, 10.5], "texture": "#0"}
			}
		},
		{
			"from": [9.75, 8.5, 7],
			"to": [13, 13, 9],
			"rotation": {"angle": 22.5, "axis": "z", "origin": [12.875, 10.75, 8]},
			"faces": {
				"north": {"uv": [6, 6, 7.75, 8], "texture": "#0"},
				"east": {"uv": [9.5, 4.5, 10.5, 6.5], "texture": "#0"},
				"south": {"uv": [7, 0, 8.75, 2], "texture": "#0"},
				"west": {"uv": [6, 9.5, 7, 11.5], "texture": "#0"},
				"up": {"uv": [12.25, 9.5, 10.5, 8.5], "texture": "#0"},
				"down": {"uv": [10.75, 10.5, 9, 11.5], "texture": "#0"}
			}
		},
		{
			"from": [3, 8.5, 7],
			"to": [6.25, 13, 9],
			"rotation": {"angle": -22.5, "axis": "z", "origin": [3.125, 10.75, 8]},
			"faces": {
				"north": {"uv": [7.5, 2, 9.25, 4], "texture": "#0"},
				"east": {"uv": [7, 9.5, 8, 11.5], "texture": "#0"},
				"south": {"uv": [7.5, 4, 9.25, 6], "texture": "#0"},
				"west": {"uv": [8, 9.5, 9, 11.5], "texture": "#0"},
				"up": {"uv": [12.25, 10.5, 10.5, 9.5], "texture": "#0"},
				"down": {"uv": [12.75, 10.5, 11, 11.5], "texture": "#0"}
			}
		},
		{
			"from": [0.25, 9.25, 7],
			"to": [3, 12.25, 9],
			"rotation": {"angle": -22.5, "axis": "z", "origin": [3.125, 10.75, 8]},
			"faces": {
				"north": {"uv": [3, 8, 4.5, 9.5], "texture": "#0"},
				"east": {"uv": [11.5, 5.5, 12.5, 7], "texture": "#0"},
				"south": {"uv": [4.5, 8, 6, 9.5], "texture": "#0"},
				"west": {"uv": [7, 11.5, 8, 13], "texture": "#0"},
				"up": {"uv": [13, 8, 11.5, 7], "texture": "#0"},
				"down": {"uv": [9.5, 11.5, 8, 12.5], "texture": "#0"}
			}
		},
		{
			"from": [13, 9.25, 7],
			"to": [15.75, 12.25, 9],
			"rotation": {"angle": 22.5, "axis": "z", "origin": [12.875, 10.75, 8]},
			"faces": {
				"north": {"uv": [6, 8, 7.5, 9.5], "texture": "#0"},
				"east": {"uv": [9.5, 11.5, 10.5, 13], "texture": "#0"},
				"south": {"uv": [8, 6, 9.5, 7.5], "texture": "#0"},
				"west": {"uv": [10.5, 11.5, 11.5, 13], "texture": "#0"},
				"up": {"uv": [13, 12.5, 11.5, 11.5], "texture": "#0"},
				"down": {"uv": [1.5, 12, 0, 13], "texture": "#0"}
			}
		},
		{
			"from": [6.5, 14.75, 7],
			"to": [9.5, 17.5, 9],
			"rotation": {"angle": 0, "axis": "y", "origin": [6.25, 15.25, 7]},
			"faces": {
				"north": {"uv": [7.5, 8, 9, 9.5], "texture": "#0"},
				"east": {"uv": [12, 0, 13, 1.5], "texture": "#0"},
				"south": {"uv": [9, 0, 10.5, 1.5], "texture": "#0"},
				"west": {"uv": [1.5, 12.5, 2.5, 14], "texture": "#0"},
				"up": {"uv": [14, 2.5, 12.5, 1.5], "texture": "#0"},
				"down": {"uv": [4, 12.5, 2.5, 13.5], "texture": "#0"}
			}
		},
		{
			"from": [3.5, 2, 7],
			"to": [6.5, 4.75, 9],
			"rotation": {"angle": -22.5, "axis": "z", "origin": [5, 4.875, 8]},
			"faces": {
				"north": {"uv": [9, 7.5, 10.5, 9], "texture": "#0"},
				"east": {"uv": [12.5, 2.5, 13.5, 4], "texture": "#0"},
				"south": {"uv": [9, 9, 10.5, 10.5], "texture": "#0"},
				"west": {"uv": [4, 12.5, 5, 14], "texture": "#0"},
				"up": {"uv": [6.5, 13.5, 5, 12.5], "texture": "#0"},
				"down": {"uv": [14, 5.5, 12.5, 6.5], "texture": "#0"}
			}
		}
	],
	"display": {
		"thirdperson_righthand": {
			"rotation": [43.13, 22.05, 9.66],
			"translation": [-1, 0, 0],
			"scale": [0.32422, 0.32422, 0.32422]
		},
		"thirdperson_lefthand": {
			"rotation": [53.75, 21.96, 5.23],
			"translation": [-1.25, 0, 0],
			"scale": [0.29297, 0.29297, 0.29297]
		},
		"firstperson_righthand": {
			"rotation": [-180, 57.25, -180],
			"translation": [3, 1.5, 0],
			"scale": [0.48047, 0.48047, 0.48047]
		},
		"firstperson_lefthand": {
			"rotation": [-180, 36.25, 180],
			"translation": [1.5, 1.75, 0],
			"scale": [0.43164, 0.43164, 0.43164]
		},
		"ground": {
			"rotation": [79.87, 21.2, 28.55],
			"translation": [0, -0.75, 0],
			"scale": [0.57227, 0.57227, 0.57227]
		},
		"gui": {
			"rotation": [179.43, 2.11, 169.02],
			"translation": [0.25, -1.5, 0],
			"scale": [0.97461, 0.97461, 0.97461]
		},
		"head": {
			"rotation": [26.67, 40.06, -23.98],
			"translation": [-7.5, 5.5, -7],
			"scale": [0.47266, 0.4336, 0.47266]
		},
		"fixed": {
			"translation": [0, -1.5, 0],
			"scale": [1.18359, 1.18359, 1.18359]
		}
	},
	"groups": [
		{
			"name": "group",
			"origin": [8, 8, 8],
			"color": 0,
			"children": [0, 1, 2, 3, 4, 5, 6, 7, 8, 9, 10, 11, 12, 13, 14, 15, 16, 17]
		}
	]
}