{
    "pokemon.skitty.cry": {
        "sounds": ["cobblemon:pokemon/skitty/skitty_cry"]
    },
    "pokemon.delcatty.cry": {
        "sounds": ["cobblemon:pokemon/delcatty/delcatty_cry"]
    },
    "pokemon.glameow.cry": {
        "sounds": ["cobblemon:pokemon/glameow/glameow_cry"]
    },
    "pokemon.purugly.cry": {
        "sounds": ["cobblemon:pokemon/purugly/purugly_cry"]
    },
    "pokemon.espurr.cry": {
        "sounds": ["cobblemon:pokemon/espurr/espurr_cry"]
    },
    "pokemon.meowstic.cry": {
        "sounds": ["cobblemon:pokemon/meowstic/meowstic_cry"]
    },
    "pokemon.zeraora.cry": {
        "sounds": ["cobblemon:pokemon/zeraora/zeraora_cry"]
    },
    "pokemon.stunky.cry": {
        "sounds": ["cobblemon:pokemon/stunky/stunky_cry"]
    },
    "pokemon.skuntank.cry": {
        "sounds": ["cobblemon:pokemon/skuntank/skuntank_cry"]
    },
    "pokemon.litleo.cry": {
        "sounds": ["cobblemon:pokemon/litleo/litleo_cry"]
    },
    "pokemon.pyroar.cry": {
        "sounds": ["cobblemon:pokemon/pyroar/pyroar_cry"]
    },
    "pokemon.spoink.cry": {
        "sounds": ["cobblemon:pokemon/spoink/spoink_cry"]
    },
    "pokemon.grumpig.cry": {
        "sounds": ["cobblemon:pokemon/grumpig/grumpig_cry"]
    },
    "pokemon.roaringmoon.cry": {
       "sounds": ["cobblemon:pokemon/roaringmoon/roaringmoon_cry"]
    },
    "pokemon.deoxys.cry": {
        "sounds": [ "cobblemon:pokemon/deoxys/deoxys" ]
    },
    "pokemon.deoxysattack.cry": {
        "sounds": [ "cobblemon:pokemon/deoxys/deoxys" ]
    },
    "pokemon.deoxysdefense.cry": {
       "sounds": [ "cobblemon:pokemon/deoxys/deoxys" ]
    },
    "pokemon.deoxysspeed.cry": {
       "sounds": [ "cobblemon:pokemon/deoxys/deoxys" ]
    },
    "pokemon.ironbundle.cry": {
       "sounds": [ "cobblemon:pokemon/ironbundle/ironbundle" ]
    },
    "pokemon.slitherwing.cry": {
       "sounds": [ "cobblemon:pokemon/slitherwing/slitherwing" ]
    },
    "pokemon.axew.cry": {
       "sounds": [ "cobblemon:pokemon/axew/axew" ]
    },
    "pokemon.fraxure.cry": {
      "sounds": [ "cobblemon:pokemon/fraxure/fraxure" ]
    },
   "pokemon.haxorus.cry": {
       "sounds": [ "cobblemon:pokemon/haxorus/haxorus" ]
    },
    "pokemon.noibat.cry": {
       "sounds": [ "cobblemon:pokemon/noibat/noibat" ]
    },
    "pokemon.noivern.cry": {
       "sounds": [ "cobblemon:pokemon/noivern/noivern" ]
    },
    "pokemon.irontreads.cry": {
       "sounds": [ "cobblemon:pokemon/irontreads/irontreads" ]
    },
    "pokemon.togedemaru.cry": {
      "sounds": [ "cobblemon:pokemon/togedemaru/togedemaru" ]
    },
    "pokemon.arceus.cry": {
        "sounds": [ { "name": "cobblemon:pokemon/arceus_cry", "volume": 0.8 } ]
    },
    "pokemon.eternatus.cry": {
      "sounds": [ { "name": "cobblemon:pokemon/eternatus_cry", "volume": 0.8 } ]
    },
    "pokemon.groudon.cry": {
      "sounds": [ { "name": "cobblemon:pokemon/groudon_cry", "volume": 0.8 } ]
    },
    "pokemon.groudonprimal.cry": {
      "sounds": [ { "name": "cobblemon:pokemon/groudon_cry", "volume": 0.8 } ]
    },
    "pokemon.hoopa.cry": {
      "sounds": [ { "name": "cobblemon:pokemon/hoopa_cry", "volume": 0.8 } ]
    },
    "pokemon.hoopaunbound.cry": {
      "sounds": [ { "name": "cobblemon:pokemon/hoopaunbound_cry", "volume": 0.8 } ]
    },
    "pokemon.keldeo.cry": {
      "sounds": [ { "name": "cobblemon:pokemon/keldeo_cry", "volume": 0.8 } ]
    },
    "pokemon.kubfu.cry": {
      "sounds": [ { "name": "cobblemon:pokemon/kubfu_cry", "volume": 0.8 } ]
    },
    "pokemon.kyogre.cry": {
      "sounds": [ { "name": "cobblemon:pokemon/kyogre_cry", "volume": 0.8 } ]
    },
    "pokemon.kyogreprimal.cry": {
      "sounds": [ { "name": "cobblemon:pokemon/kyogreprimal_cry", "volume": 0.8 } ]
    },
    "pokemon.kyurem.cry": {
      "sounds": [ { "name": "cobblemon:pokemon/kyurem_cry", "volume": 0.8 } ]
    },
    "pokemon.kyuremblack.cry": {
      "sounds": [ { "name": "cobblemon:pokemon/kyuremblack_cry", "volume": 0.8 } ]
    },
    "pokemon.kyuremwhite.cry": {
      "sounds": [ { "name": "cobblemon:pokemon/kyuremwhite_cry", "volume": 0.8 } ]
    },
    "pokemon.landorus.cry": {
      "sounds": [ { "name": "cobblemon:pokemon/landorus_cry", "volume": 0.8 } ]
    },
    "pokemon.landorustherian.cry": {
      "sounds": [ { "name": "cobblemon:pokemon/landorustherian_cry", "volume": 0.8 } ]
    },
    "pokemon.latias.cry": {
      "sounds": [ { "name": "cobblemon:pokemon/latias_cry", "volume": 0.8 } ]
    },
    "pokemon.latios.cry": {
      "sounds": [ { "name": "cobblemon:pokemon/latios_cry", "volume": 0.8 } ]
    },
    "pokemon.rayquaza.cry": {
      "sounds": [ { "name": "cobblemon:pokemon/rayquaza_cry", "volume": 0.8 } ]
    },
    "pokemon.rayquazamega.cry": {
      "sounds": [ { "name": "cobblemon:pokemon/rayquazamega_cry", "volume": 0.8 } ]
    },
    "pokemon.reshiram.cry": {
      "sounds": [ { "name": "cobblemon:pokemon/reshiram_cry", "volume": 0.8 } ]
    },
    "pokemon.silvally.cry": {
      "sounds": [ { "name": "cobblemon:pokemon/silvally_cry", "volume": 0.8 } ]
    },
    "pokemon.thundurus.cry": {
      "sounds": [ { "name": "cobblemon:pokemon/thundurus_cry", "volume": 0.8 } ]
    },
    "pokemon.tornadus.cry": {
      "sounds": [ { "name": "cobblemon:pokemon/tornadus_cry", "volume": 0.8 } ]
    },
    "pokemon.thundurustherian.cry": {
      "sounds": [ { "name": "cobblemon:pokemon/thundurustherian_cry", "volume": 0.8 } ]
    },
    "pokemon.tornadustherian.cry": {
      "sounds": [ { "name": "cobblemon:pokemon/tornadustherian_cry", "volume": 0.8 } ]
    },
    "pokemon.typenull.cry": {
      "sounds": [ { "name": "cobblemon:pokemon/typenull_cry", "volume": 0.8 } ]
    },
    "pokemon.urshifu.cry": {
      "sounds": [ { "name": "cobblemon:pokemon/urshifu_cry", "volume": 0.8 } ]
    },
    "pokemon.urshifurrapidstrike.cry": {
      "sounds": [ { "name": "cobblemon:pokemon/urshifurrapidstrike_cry", "volume": 0.8 } ]
    },
    "pokemon.zacian.cry": {
      "sounds": [ { "name": "cobblemon:pokemon/zacian_cry", "volume": 0.8 } ]
    },
    "pokemon.zaciancrowned.cry": {
      "sounds": [ { "name": "cobblemon:pokemon/zaciancrowned_cry", "volume": 0.8 } ]
    },
    "pokemon.zamazenta.cry": {
      "sounds": [ { "name": "cobblemon:pokemon/zamazenta_cry", "volume": 0.8 } ]
    },
    "pokemon.zamazentacrowned.cry": {
      "sounds": [ { "name": "cobblemon:pokemon/zamazentacrowned_cry", "volume": 0.8 } ]
    },
    "pokemon.zekrom.cry": {
      "sounds": [ { "name": "cobblemon:pokemon/zekrom_cry", "volume": 0.8 } ]
    },
    "pokemon.rotom.cry": {
      "sounds": ["cobblemon:pokemon/rotom/rotom_cry"]
    },
	  "pokemon.rotom_heat.cry": {
      "sounds": ["cobblemon:pokemon/rotom/rotom_cry"]
    },
	  "pokemon.rotom_frost.cry": {
      "sounds": ["cobblemon:pokemon/rotom/rotom_cry"]
    },
	  "pokemon.rotom_fan.cry": {
      "sounds": ["cobblemon:pokemon/rotom/rotom_cry"]
    },
	  "pokemon.rotom_wash.cry": {
      "sounds": ["cobblemon:pokemon/rotom/rotom_cry"]
    },
	  "pokemon.rotom_mow.cry": {
      "sounds": ["cobblemon:pokemon/rotom/rotom_cry"]
    },
    "pokemon.palkia.palkia_cry": {
      "sounds": ["cobblemon:pokemon/palkia/palkia_cry"]
    },
    "pokemon.palkia_origin.palkia_cry": {
      "sounds": ["cobblemon:pokemon/palkia/palkia_cry"]
    },
    "pokemon.avalugg.ambient": {
      "sounds": ["cobblemon:pokemon/avalugg/avalugg_ambient"]
    },
    "pokemon.diancie.cry": {
      "sounds": [ "cobblemon:pokemon/diancie/diancie_cry" ]
	  },
    "pokemon.houndour.cry": {
      "sounds": ["cobblemon:pokemon/houndour/houndour_cry"]
   },
      "pokemon.houndoom.cry": {
      "sounds": ["cobblemon:pokemon/houndoom/houndoom_cry"]
   }
}