{
    "type": "minecraft:crafting_shaped",
    "category": "misc",
    "pattern": [
      "   ",
      "sns",
      "ppp"
    ],
    "key": {
      "p": {
            "item": "minecraft:purple_wool"
    },
      "s": {
            "item": "minecraft:slime_ball"
          },
          "n": {
                    "item": "minecraft:netherite_ingot"
    
    }
    },  
    "result": {
      "id": "minecraft:carved_pumpkin",
      "components": {
        "minecraft:custom_model_data": 259,
        "minecraft:item_name": "\"Goomy Hat Shiny\""
      },
      "count": 1
    },
    "show_notification": false
}
