{
    "type": "minecraft:crafting_shaped",
    "category": "misc",
    "pattern": [
      "b b",
      "w w",
      "wnw"
    ],
    "key": {
      "b": {
            "item": "minecraft:blaze_powder"
    },
      "w": {
            "item": "minecraft:white_wool"
          },
          "n": {
                    "item": "minecraft:netherite_ingot"

    }
    },  
    "result": {
      "id": "minecraft:carved_pumpkin",
      "components": {
        "minecraft:custom_model_data": 265,
        "minecraft:item_name": "\"Scorbunny Ears Shiny\""
      },
      "count": 1
    },
    "show_notification": false
}