{
    "type": "minecraft:crafting_shaped",
    "category": "misc",
    "pattern": [
      "bbb",
      "sns",
      "   "
    ],
    "key": {
      "b": {
            "item": "minecraft:brown_mushroom"

    },
      "s": {
            "item": "minecraft:string"
          },
          "n": {
                    "item": "minecraft:netherite_ingot"

}
    },  
    "result": {
      "id": "minecraft:carved_pumpkin",
      "components": {
        "minecraft:custom_model_data": 268,
        "minecraft:item_name": "\"Toedscool Hat Shiny\""
      },
      "count": 1
    },
    "show_notification": false
}