{
    "type": "minecraft:crafting_shaped",
    "category": "misc",
    "pattern": [
      "  n",
      " yb",
      "cyb"
    ],
    "key": {
      "b": {
            "item": "minecraft:black_wool"
    },
      "y": {
            "item": "minecraft:yellow_wool"

    },
      "c": {
            "item": "minecraft:black_carpet"
   },
      "n": {
                "item": "minecraft:netherite_ingot"

}
    },  
    "result": {
      "id": "minecraft:carved_pumpkin",
      "components": {
        "minecraft:custom_model_data": 262,
        "minecraft:item_name": "\"Umbreon Cap Shiny\""
      },
      "count": 1
    },
    "show_notification": false
}