{
  "display": {
    "icon": {
      "id": "cobblemon:psychic_gem"
    },
    "title": {
      "text": "Traveling Leaves"
    },
    "description": {
      "text": "Encounter Iron Leaves in a Tera Den"
    },
    "frame": "task",
    "show_toast": true,
    "announce_to_chat": true,
    "hidden": false
  },
  "parent": "legends_untold:tera_dens",
  "criteria": {
    "psychic_den": {
      "trigger": "minecraft:location",
      "conditions": {
        "player": [
          {
            "condition": "minecraft:entity_properties",
            "entity": "this",
            "predicate": {
              "location": {
                "structures": "legends_untold:psychic_den"
              },
              "stepping_on": {
                "block": {
                  "blocks": [
                    "minecraft:crying_obsidian",
                    "minecraft:pearlescent_froglight"
                  ]
                }
              }
            }
          }
        ]
      }
    }
  },
  "requirements": [
    [
      "psychic_den"
    ]
  ],
  "rewards": {
    "function": "legends_untold:spawn_ironleaves"
  },
  "sends_telemetry_event": false
}