{
  "display": {
    "icon": {
      "id": "minecraft:amethyst_cluster"
    },
    "title": {
      "text": "Beasts of Another World"
    },
    "description": {
      "text": "Find a Tera Den"
    },
    "frame": "task",
    "show_toast": true,
    "announce_to_chat": true,
    "hidden": false
  },
  "parent": "legends_untold:find_legendary",
  "criteria": {
    "tera_den": {
      "trigger": "minecraft:location",
      "conditions": {
        "player": [
          {
            "condition": "minecraft:entity_properties",
            "entity": "this",
            "predicate": {
              "location": {
                "structures": [
                  "legends_untold:water_den",
                  "legends_untold:psychic_den"
                ]
              }
            }
          }
        ]
      }
    }
  },
  "requirements": [
    [
      "tera_den"
    ]
  ],
  "sends_telemetry_event": false
}