{
  "species": "cobblemon:pikachu",
  "order": 2,
  "variations": [
    {
      "aspects": ["alolan"],
      "model": "cobblemon:pikachu_alola_bias_male.geo",
      "texture": "cobblemon:textures/pokemon/0025_pikachu/pikachu_alola_bias.png",
      "layers": []
    },
    {
      "aspects": ["region-bias-alola"],
      "model": "cobblemon:pikachu_alola_bias_male.geo",
      "texture": "cobblemon:textures/pokemon/0025_pikachu/pikachu_alola_bias.png",
      "layers": []
    },
    {
      "aspects": ["shiny", "alolan"],
      "texture": "cobblemon:textures/pokemon/0025_pikachu/pikachu_alola_bias_shiny.png"
    },
    {
      "aspects": ["shiny", "region-bias-alola"],
      "texture": "cobblemon:textures/pokemon/0025_pikachu/pikachu_alola_bias_shiny.png"
    }
  ]
}
