{
  "species": "cobblemon:pikachu",
  "order": 3,
  "variations": [
    {
      "aspects": ["female", "alolan"],
      "model": "cobblemon:pikachu_alola_bias_female.geo",
      "texture": "cobblemon:textures/pokemon/0025_pikachu/pikachu_alola_bias.png"
    },
    {
      "aspects": ["female", "region-bias-alola"],
      "model": "cobblemon:pikachu_alola_bias_female.geo",
      "texture": "cobblemon:textures/pokemon/0025_pikachu/pikachu_alola_bias.png"
    },
    {
      "aspects": ["female", "shiny", "alolan"],
      "texture": "cobblemon:textures/pokemon/0025_pikachu/pikachu_alola_bias_shiny.png"
    },
    {
      "aspects": ["female", "shiny", "region-bias-alola"],
      "texture": "cobblemon:textures/pokemon/0025_pikachu/pikachu_alola_bias_shiny.png"
    }
  ]
}
