{
  "modifies": [
    "minecraft:chests/ancient_city",
    "minecraft:chests/buried_treasure",
    "minecraft:chests/woodland_mansion"
  ],
  "pools": [
    {
      "rolls": 1,
      "bonus_rolls": 0.5,
      "entries": [
        {
          "type": "minecraft:loot_table",
          "value": "legends_untold:sets/legendary_items"
        }
      ],
      "conditions": [
        {
          "condition": "minecraft:random_chance",
          "chance": 0.1
        }
      ]
    }
  ]
}