{
  "modifies": [
    "minecraft:chests/simple_dungeon",
    "minecraft:chests/end_city_treasure",
    "minecraft:chests/ruined_portal",
    "minecraft:chests/igloo_chest",
    "minecraft:chests/pillager_outpost",
    "minecraft:chests/underwater_ruin_small",
    "minecraft:chests/shipwreck_map",
    "minecraft:chests/shipwreck_supply",
    "minecraft:chests/shipwreck_treasure",
    "minecraft:chests/trial_chambers/reward_common"
  ],
  "pools": [
    {
      "rolls": 1,
      "bonus_rolls": 0.5,
      "entries": [
        {
          "type": "minecraft:loot_table",
          "value": "legends_untold:sets/legendary_items"
        }
      ],
      "conditions": [
        {
          "condition": "minecraft:random_chance",
          "chance": 0.04
        }
      ]
    }
  ]
}