{
    "type": "minecraft:crafting_shapeless",
    "ingredients": [
        {
            "item": "cobblemon:petaya_berry"
        },
        {
            "item": "cobblemon:charti_berry"
        },
        {
            "item": "cobblemon:kasib_berry"
        },
        {
            "item": "cobblemon:enigma_berry"
        },
        {
            "item": "cobblemon:maranga_berry"
        },
        {
            "item": "cobblemon:exp_candy_l"
        }
    ],
    "result": {
        "item": "cobblemon:exp_candy_xl",
        "count": 1
    }
}