{
  "processors": [
    {
      "processor_type": "minecraft:rule",
      "rules": [
        {
          "location_predicate": {
            "predicate_type": "minecraft:always_true"
          },
          "input_predicate": {
            "predicate_type": "minecraft:random_block_match",
            "block": "minecraft:gravel",
            "probability": 0.25
          },
          "output_state": {
            "Name": "minecraft:suspicious_gravel"
          },
          "block_entity_modifier": {
            "type": "minecraft:append_loot",
            "loot_table": "legends_untold:archaeology/sky_pillar"
          }
        },
        {
          "location_predicate": {
            "predicate_type": "minecraft:always_true"
          },
          "input_predicate": {
            "predicate_type": "minecraft:block_match",
            "block": "minecraft:chest"
          },
          "output_state": {
            "Name": "minecraft:chest"
          },
          "block_entity_modifier": {
            "type": "minecraft:append_loot",
            "loot_table": "legends_untold:chests/sky_pillar"
          }
        },
        {
          "location_predicate": {
            "predicate_type": "minecraft:always_true"
          },
          "input_predicate": {
            "predicate_type": "minecraft:random_block_match",
            "block": "minecraft:mud_brick_slab",
            "probability": 0.2
          },
          "output_state": {
            "Name": "minecraft:mud_bricks"
          }
        },
        {
          "location_predicate": {
            "predicate_type": "minecraft:always_true"
          },
          "input_predicate": {
            "predicate_type": "minecraft:random_block_match",
            "block": "minecraft:mud_brick_slab",
            "probability": 0.1
          },
          "output_state": {
            "Name": "minecraft:mud_brick_stairs"
          }
        },
        {
          "location_predicate": {
            "predicate_type": "minecraft:always_true"
          },
          "input_predicate": {
            "predicate_type": "minecraft:random_block_match",
            "block": "minecraft:andesite",
            "probability": 0.1
          },
          "output_state": {
            "Name": "minecraft:cobblestone"
          }
        }
      ]
    },
    {
      "processor_type": "minecraft:rule",
      "rules": [
        {
          "location_predicate": {
            "predicate_type": "minecraft:always_true"
          },
          "input_predicate": {
            "predicate_type": "minecraft:random_block_match",
            "block": "minecraft:mud_bricks",
            "probability": 0.1
          },
          "output_state": {
            "Name": "minecraft:packed_mud"
          }
        },
        {
          "location_predicate": {
            "predicate_type": "minecraft:always_true"
          },
          "input_predicate": {
            "predicate_type": "minecraft:random_block_match",
            "block": "minecraft:mud_bricks",
            "probability": 0.05
          },
          "output_state": {
            "Name": "minecraft:terracotta"
          }
        }
      ]
    }
  ]
}
